WARD,count,pct_planted
7,9631,16.941371000369397
5,8982,15.799750215483122
3,8181,14.390754454783725
4,8049,14.158560396840752
8,7509,13.20867561434678
6,6735,11.84717409277208
2,4368,7.683512462840156
1,3390,5.9631655789899565
NA,4,0.007036183574029446
