WARD,count,pct_planted
5,11361,16.774203074015563
7,11315,16.706285343058365
4,9753,14.400035435337891
3,9577,14.140176290806005
8,8803,12.997386643830561
6,7550,11.147366711452996
2,5106,7.538868136248874
1,4260,6.289772475601294
NA,4,0.005905889648451918
