WARD,count,pct_planted
7,9631,16.941371
5,8982,15.79975022
3,8181,14.39075445
4,8049,14.1585604
8,7509,13.20867561
6,6735,11.84717409
2,4368,7.683512463
1,3390,5.963165579
NA,4,0.007036184